{
  "books": [
    {
      "reviews": [
        { "content": "i liked it", "rating": 4 },
        { "rating": "3", "content": "great" },
        { "rating": "1", "content": "hated it" },
        { "rating": "10", "content": "srofgu" }
      ],
      "id": 1,
      "title": "Good Book about Javascript"
    },
    {
      "title": "Book about Ruby",
      "reviews": [
        { "rating": "3", "content": "hello" },
        { "rating": "5", "content": "great book" },
        { "rating": "", "content": "" }
      ],
      "id": 2
    },
    {
      "title": "Book about Ruby",
      "reviews": [{ "rating": "3", "content": "nice" }],
      "id": 4
    },
    {
      "title": "Book about Ruby",
      "reviews": [
        { "rating": "6", "content": "good one" },
        { "rating": "7", "content": "Good book" }
      ],
      "id": 5
    },
    { "title": "Book about Ruby", "reviews": [], "id": 6 }
  ]
}
